source	provider	reason
ServerInfo/Guidebook/Antagonist/Antagonists.xml	Corvax	
ServerInfo/Guidebook/Antagonist/Revolutionaries.xml	Corvax	
ServerInfo/Guidebook/Antagonist/Wizard.xml	Corvax	
ServerInfo/Guidebook/ChemicalTabs/Biological.xml	Corvax	
ServerInfo/Guidebook/ChemicalTabs/Elements.xml	Corvax	
ServerInfo/Guidebook/ChemicalTabs/Foods.xml	Corvax	
ServerInfo/Guidebook/ChemicalTabs/Narcotics.xml	Corvax	
ServerInfo/Guidebook/ChemicalTabs/Other.xml	Corvax	
ServerInfo/Guidebook/ChemicalTabs/Pyrotechnic.xml	Corvax	
ServerInfo/Guidebook/ChemicalTabs/Special.xml	Corvax	
ServerInfo/Guidebook/ChemicalTabs/Toxins.xml	Corvax	
ServerInfo/Guidebook/Command.xml	Corvax	
ServerInfo/Guidebook/Engineering/AME.xml	Corvax	
ServerInfo/Guidebook/Engineering/AccessConfigurator.xml	Corvax	
ServerInfo/Guidebook/Engineering/AirAlarms.xml	Corvax	
ServerInfo/Guidebook/Engineering/AirInjector.xml	Corvax	
ServerInfo/Guidebook/Engineering/AirScrubber.xml	Corvax	
ServerInfo/Guidebook/Engineering/AirVent.xml	Corvax	
ServerInfo/Guidebook/Engineering/Airlocks.xml	Corvax	
ServerInfo/Guidebook/Engineering/AtmosTools.xml	Corvax	
ServerInfo/Guidebook/Engineering/AtmosphereInOut.xml	Corvax	
ServerInfo/Guidebook/Engineering/AtmosphericAlertsComputer.xml	Corvax	
ServerInfo/Guidebook/Engineering/AtmosphericNetworkMonitor.xml	Corvax	
ServerInfo/Guidebook/Engineering/AtmosphericUpsets.xml	Corvax	
ServerInfo/Guidebook/Engineering/Atmospherics.xml	Corvax	
ServerInfo/Guidebook/Engineering/AtmosphericsSystems.xml	Corvax	
ServerInfo/Guidebook/Engineering/Construction.xml	Corvax	
ServerInfo/Guidebook/Engineering/DeviceMonitoringAndControl.xml	Corvax	
ServerInfo/Guidebook/Engineering/Engineering.xml	Corvax	
ServerInfo/Guidebook/Engineering/ExpandingRepairingStation.xml	Corvax	
ServerInfo/Guidebook/Engineering/FireAndGasControl.xml	Corvax	
ServerInfo/Guidebook/Engineering/Fires.xml	Corvax	
ServerInfo/Guidebook/Engineering/GasCanisters.xml	Corvax	
ServerInfo/Guidebook/Engineering/GasCondensing.xml	Corvax	
ServerInfo/Guidebook/Engineering/GasManipulation.xml	Corvax	
ServerInfo/Guidebook/Engineering/GasMiningAndStorage.xml	Corvax	
ServerInfo/Guidebook/Engineering/InspectingPower.xml	Corvax	
ServerInfo/Guidebook/Engineering/ManualValve.xml	Corvax	
ServerInfo/Guidebook/Engineering/Networking.xml	Corvax	
ServerInfo/Guidebook/Engineering/PassiveGate.xml	Corvax	
ServerInfo/Guidebook/Engineering/PassiveVent.xml	Corvax	
ServerInfo/Guidebook/Engineering/PipeNetworks.xml	Corvax	
ServerInfo/Guidebook/Engineering/Pipes.xml	Corvax	
ServerInfo/Guidebook/Engineering/PneumaticValve.xml	Corvax	
ServerInfo/Guidebook/Engineering/PortableGenerator.xml	Corvax	
ServerInfo/Guidebook/Engineering/PortableScrubber.xml	Corvax	
ServerInfo/Guidebook/Engineering/Power.xml	Corvax	
ServerInfo/Guidebook/Engineering/PowerStorage.xml	Corvax	
ServerInfo/Guidebook/Engineering/PressureRegulator.xml	Corvax	
ServerInfo/Guidebook/Engineering/Radiators.xml	Corvax	
ServerInfo/Guidebook/Engineering/Ramping.xml	Corvax	
ServerInfo/Guidebook/Engineering/Shuttlecraft.xml	Corvax	
ServerInfo/Guidebook/Engineering/SignalValve.xml	Corvax	
ServerInfo/Guidebook/Engineering/SingularityEngine.xml	Corvax	
ServerInfo/Guidebook/Engineering/SingularityTeslaEngine.xml	Corvax	
ServerInfo/Guidebook/Engineering/SolarPanels.xml	Corvax	
ServerInfo/Guidebook/Engineering/Spacing.xml	Corvax	
ServerInfo/Guidebook/Engineering/TEG.xml	Corvax	
ServerInfo/Guidebook/Engineering/TeslaEngine.xml	Corvax	
ServerInfo/Guidebook/Engineering/Thermomachines.xml	Corvax	
ServerInfo/Guidebook/Engineering/Valves.xml	Corvax	
ServerInfo/Guidebook/Engineering/VoltageNetworks.xml	Corvax	
ServerInfo/Guidebook/Engineering/WirePanels.xml	Corvax	
ServerInfo/Guidebook/Glossary.xml	Corvax	
ServerInfo/Guidebook/Jobs.xml	Corvax	
ServerInfo/Guidebook/Medical/AdvancedBrute.xml	Corvax	
ServerInfo/Guidebook/Medical/Botanicals.xml	Corvax	
ServerInfo/Guidebook/Medical/Chemist.xml	Corvax	
ServerInfo/Guidebook/Medical/Cloning.xml	Corvax	
ServerInfo/Guidebook/Medical/Cryogenics.xml	Corvax	
ServerInfo/Guidebook/Medical/MedicalDoctor.xml	Corvax	
ServerInfo/Guidebook/Medical/Medicine.xml	Corvax	
ServerInfo/Guidebook/Mobs/Dwarf.xml	Corvax	
ServerInfo/Guidebook/Mobs/Human.xml	Corvax	
ServerInfo/Guidebook/Mobs/Vox.xml	Corvax	
ServerInfo/Guidebook/NewPlayer/CharacterCreation.xml	Corvax	
ServerInfo/Guidebook/NewPlayer/Controls/Controls.xml	Corvax	
ServerInfo/Guidebook/NewPlayer/Controls/Radio.xml	Corvax	
ServerInfo/Guidebook/NewPlayer/NewPlayer.xml	Corvax	
ServerInfo/Guidebook/NewPlayer/YourFirstCharacter.xml	Corvax	
ServerInfo/Guidebook/ReferenceTables/Drinks.xml	Corvax	
ServerInfo/Guidebook/ReferenceTables/Lawsets.xml	Corvax	
ServerInfo/Guidebook/References.xml	Corvax	
ServerInfo/Guidebook/Science/APE.xml	Corvax	
ServerInfo/Guidebook/Science/AnalysisConsole.xml	Corvax	
ServerInfo/Guidebook/Science/AnomalousResearch.xml	Corvax	
ServerInfo/Guidebook/Science/Robotics.xml	Corvax	
ServerInfo/Guidebook/Science/ScannersAndVessels.xml	Corvax	
ServerInfo/Guidebook/Science/UnlockingNodes.xml	Corvax	
ServerInfo/Guidebook/Security/CriminalRecords.xml	Corvax	
ServerInfo/Guidebook/Security/Defusal.xml	Corvax	
ServerInfo/Guidebook/Security/Forensics.xml	Corvax	
ServerInfo/Guidebook/Security/Security.xml	Corvax	
ServerInfo/Guidebook/ServerRules/DefaultRules.xml	Corvax	
ServerInfo/Guidebook/Service/BarsAndCookiesRecipes.xml	Corvax	
ServerInfo/Guidebook/Service/Botany.xml	Corvax	
ServerInfo/Guidebook/Service/BreadRecipes.xml	Corvax	
ServerInfo/Guidebook/Service/BreakfastRecipes.xml	Corvax	
ServerInfo/Guidebook/Service/CakeRecipes.xml	Corvax	
ServerInfo/Guidebook/Service/Chef.xml	Corvax	
ServerInfo/Guidebook/Service/DessertRecipes.xml	Corvax	
ServerInfo/Guidebook/Service/FoodRecipes.xml	Corvax	
ServerInfo/Guidebook/Service/Janitorial.xml	Corvax	
ServerInfo/Guidebook/Service/MedicinalRecipes.xml	Corvax	
ServerInfo/Guidebook/Service/MothRecipes.xml	Corvax	
ServerInfo/Guidebook/Service/OtherRecipes.xml	Corvax	
ServerInfo/Guidebook/Service/PastaRecipes.xml	Corvax	
ServerInfo/Guidebook/Service/PieRecipes.xml	Corvax	
ServerInfo/Guidebook/Service/PizzaRecipes.xml	Corvax	
ServerInfo/Guidebook/Service/SaladRecipes.xml	Corvax	
ServerInfo/Guidebook/Service/SavoryRecipes.xml	Corvax	
ServerInfo/Guidebook/Service/SecretRecipes.xml	Corvax	
ServerInfo/Guidebook/Service/Service.xml	Corvax	
ServerInfo/Guidebook/Service/SoupRecipes.xml	Corvax	
ServerInfo/Guidebook/Survival.xml	Corvax	
ServerInfo/Guidebook/Writing.xml	Corvax	
ServerInfo/Guidebook/Antagonist/MinorAntagonists.xml	DeepL	Source guide differs from or is missing in Corvax
ServerInfo/Guidebook/Antagonist/Nuclear Operatives.xml	DeepL	Source guide differs from or is missing in Corvax
ServerInfo/Guidebook/Antagonist/SpaceNinja.xml	DeepL	Source guide differs from or is missing in Corvax
ServerInfo/Guidebook/Antagonist/Thieves.xml	DeepL	Source guide differs from or is missing in Corvax
ServerInfo/Guidebook/Antagonist/Traitors.xml	DeepL	Source guide differs from or is missing in Corvax
ServerInfo/Guidebook/Antagonist/Xenoborgs.xml	DeepL	Source guide differs from or is missing in Corvax
ServerInfo/Guidebook/Antagonist/Zombies.xml	DeepL	Source guide differs from or is missing in Corvax
ServerInfo/Guidebook/Cargo/Cargo.xml	DeepL	Source guide differs from or is missing in Corvax
ServerInfo/Guidebook/Cargo/CargoBounties.xml	DeepL	Source guide differs from or is missing in Corvax
ServerInfo/Guidebook/Cargo/Salvage.xml	DeepL	Source guide differs from or is missing in Corvax
ServerInfo/Guidebook/Chemicals.xml	DeepL	Source guide differs from or is missing in Corvax
ServerInfo/Guidebook/Engineering/AirlockSecurity.xml	DeepL	Source guide differs from or is missing in Corvax
ServerInfo/Guidebook/Engineering/DeltaPressure.xml	DeepL	Source guide differs from or is missing in Corvax
ServerInfo/Guidebook/Engineering/GasRecycling.xml	DeepL	Source guide differs from or is missing in Corvax
ServerInfo/Guidebook/Engineering/Gasses.xml	DeepL	Source guide differs from or is missing in Corvax
ServerInfo/Guidebook/Engineering/Generators.xml	DeepL	Source guide differs from or is missing in Corvax
ServerInfo/Guidebook/Engineering/MixingAndFiltering.xml	DeepL	Source guide differs from or is missing in Corvax
ServerInfo/Guidebook/Engineering/Pumps.xml	DeepL	Source guide differs from or is missing in Corvax
ServerInfo/Guidebook/Engineering/RTG.xml	DeepL	Source guide differs from or is missing in Corvax
ServerInfo/Guidebook/Medical/Medical.xml	DeepL	Source guide differs from or is missing in Corvax
ServerInfo/Guidebook/Mobs/Species.xml	DeepL	Source guide differs from or is missing in Corvax
ServerInfo/Guidebook/Science/Cyborgs.xml	DeepL	Source guide differs from or is missing in Corvax
ServerInfo/Guidebook/Science/Science.xml	DeepL	Source guide differs from or is missing in Corvax
ServerInfo/Guidebook/Science/Technologies.xml	DeepL	Source guide differs from or is missing in Corvax
ServerInfo/Guidebook/Science/Xenoarchaeology.xml	DeepL	Source guide differs from or is missing in Corvax
ServerInfo/Guidebook/Service/Bartender.xml	DeepL	Source guide differs from or is missing in Corvax
ServerInfo/Guidebook/SpaceStation14.xml	DeepL	Source guide differs from or is missing in Corvax
ServerInfo/_FarHorizons/Guidebook/Engineering/NuclearReactor.xml	DeepL	Source guide differs from or is missing in Corvax
ServerInfo/_KS14/Antagonist/Anchorless.xml	Manual	Reviewed terminology and prose
ServerInfo/_KS14/Guidebook/Engineering/ArcFlash.xml	DeepL	Source guide differs from or is missing in Corvax
ServerInfo/_KS14/Guidebook/Engineering/Datalink.xml	DeepL	Source guide differs from or is missing in Corvax
ServerInfo/_KS14/Guidebook/Engineering/SensorArrays.xml	DeepL	Source guide differs from or is missing in Corvax
ServerInfo/_KS14/Guidebook/Engineering/Sensors.xml	DeepL	Source guide differs from or is missing in Corvax
ServerInfo/_KS14/Guidebook/Engineering/ShuttleConsole.xml	DeepL	Source guide differs from or is missing in Corvax
ServerInfo/_KS14/Guidebook/Medical/Surgery.xml	DeepL	Source guide differs from or is missing in Corvax
ServerInfo/_StarLight/Guidebook/Engineering/Plumbing.xml	DeepL	Source guide differs from or is missing in Corvax
ServerInfo/_StarLight/Guidebook/Engineering/PlumbingFlow.xml	DeepL	Source guide differs from or is missing in Corvax
ServerInfo/_StarLight/Guidebook/Engineering/PlumbingMachines.xml	DeepL	Source guide differs from or is missing in Corvax
