id	pattern	missing_dependencies
cmd-menuvis-help	value	Command
cmd-roleban-severity-parse	value	severity
shell-argument-must-be-prototype	value	prototypeName
ent-OrganAnimal	value	ent-OrganBaseOrganic
ent-OrganAnimal	desc	ent-OrganBaseOrganic
ent-OrganArachnid	value	ent-OrganBaseOrganic
ent-OrganArachnid	desc	ent-OrganBaseOrganic
ent-OrganDiona	value	ent-OrganBaseOrganic
ent-OrganDiona	desc	ent-OrganBaseOrganic
ent-OrganDwarf	value	ent-OrganBaseOrganic
ent-OrganDwarf	desc	ent-OrganBaseOrganic
ent-OrganGingerbread	value	ent-OrganBaseOrganic
ent-OrganGingerbread	desc	ent-OrganBaseOrganic
ent-OrganHuman	value	ent-OrganBaseOrganic
ent-OrganHuman	desc	ent-OrganBaseOrganic
ent-OrganMoth	value	ent-OrganBaseOrganic
ent-OrganMoth	desc	ent-OrganBaseOrganic
ent-OrganReptilian	value	ent-OrganBaseOrganic
ent-OrganReptilian	desc	ent-OrganBaseOrganic
ent-OrganSkeletonPerson	value	ent-OrganBaseOrganic
ent-OrganSkeletonPerson	desc	ent-OrganBaseOrganic
ent-OrganSlimePerson	value	ent-OrganBaseOrganic
ent-OrganSlimePerson	desc	ent-OrganBaseOrganic
ent-OrganVox	value	ent-OrganBaseOrganic
ent-OrganVox	desc	ent-OrganBaseOrganic
ent-OrganVulpkanin	value	ent-OrganBaseOrganic
ent-OrganVulpkanin	desc	ent-OrganBaseOrganic
ent-ClothingHeadHardsuitBase	desc	ent-TemperatureProtection
ent-ClothingScarfBase	desc	ent-TemperatureProtectionMinimal
ent-ClothingOuterEVASuitBase	desc	ent-ClothingOuterBaseLargeInsulated
ent-PortalGatewayBlue	value	ent-BasePortalGateway
ent-PortalGatewayBlue	desc	ent-BasePortalGateway
ent-PortalGatewayOrange	value	ent-BasePortalGateway
ent-PortalGatewayOrange	desc	ent-BasePortalGateway
ent-MobCockroach	suffix	ent-BaseCockroach
ent-MobMothroach	suffix	ent-BaseCockroach
ent-MobSpiderShiva	suffix	ent-MobGiantSpider
ent-DrinkCoconutWaterCarton	suffix	ent-DrinkCartonSmallBaseFull
ent-DrinkCreamCarton	suffix	ent-DrinkCartonSmallBaseFull
ent-DrinkCreamCartonXL	suffix	ent-DrinkCartonBaseXtraLargeFull
ent-DrinkJuiceLemonCarton	suffix	ent-DrinkCartonSmallBaseFull
ent-DrinkJuiceLimeCarton	suffix	ent-DrinkCartonSmallBaseFull
ent-DrinkJuiceLimeCartonXL	suffix	ent-DrinkCartonBaseXtraLargeFull
ent-DrinkJuiceOrangeCarton	suffix	ent-DrinkCartonSmallBaseFull
ent-DrinkJuiceOrangeCartonXL	suffix	ent-DrinkCartonBaseXtraLargeFull
ent-DrinkJuicePineappleCarton	suffix	ent-DrinkCartonSmallBaseFull
ent-DrinkJuiceTomatoCarton	suffix	ent-DrinkCartonSmallBaseFull
ent-DrinkBottlePlasticBaseFull	value	ent-DrinkBottlePlasticBase
ent-DrinkBottlePlasticBaseFull	desc	ent-DrinkBottlePlasticBase
ent-DrinkBottlePlasticSmallBaseFull	value	ent-DrinkBottlePlasticBase
ent-DrinkBottlePlasticSmallBaseFull	desc	ent-DrinkBottlePlasticBase
ent-DrinkBottlePlasticSmallBaseFull	suffix	ent-DrinkBottlePlasticBase
ent-DrinkCoconutWaterJug	suffix	ent-CustomDrinkJugFilled
ent-DrinkCoffeeJug	suffix	ent-CustomDrinkJugFilled
ent-DrinkColaBottleFull	suffix	ent-DrinkBottlePlasticBase
ent-DrinkDrGibbJug	suffix	ent-CustomDrinkJugFilled
ent-DrinkEnergyDrinkJug	suffix	ent-CustomDrinkJugFilled
ent-DrinkGreenTeaJug	suffix	ent-CustomDrinkJugFilled
ent-DrinkIceJug	suffix	ent-CustomDrinkJugFilled
ent-DrinkIcedTeaJug	suffix	ent-CustomDrinkJugFilled
ent-DrinkLemonLimeJug	suffix	ent-CustomDrinkJugFilled
ent-DrinkMeadJug	suffix	ent-CustomDrinkJugFilled
ent-DrinkRootBeerJug	suffix	ent-CustomDrinkJugFilled
ent-DrinkSodaWaterBottleFull	suffix	ent-DrinkBottlePlasticBase
ent-DrinkSpaceMountainWindBottleFull	suffix	ent-DrinkBottlePlasticBase
ent-DrinkSpaceUpBottleFull	suffix	ent-DrinkBottlePlasticBase
ent-DrinkTeaJug	suffix	ent-CustomDrinkJugFilled
ent-DrinkWaterMelonJuiceJug	suffix	ent-CustomDrinkJugFilled
ent-DrinkBottleAbsinthe	suffix	ent-DrinkBottleBaseEmpty
ent-DrinkBottleAlcoClear	suffix	ent-DrinkBottleBaseEmpty
ent-DrinkBottleAle	suffix	ent-DrinkBottleBaseSmallEmpty
ent-DrinkBottleBeer	suffix	ent-DrinkBottleBaseSmallEmpty
ent-DrinkBottleCoffeeLiqueur	suffix	ent-DrinkBottleBaseEmpty
ent-DrinkBottleCognac	suffix	ent-DrinkBottleBaseEmpty
ent-DrinkBottleGildlager	suffix	ent-DrinkBottleBaseEmpty
ent-DrinkBottleGin	suffix	ent-DrinkBottleBaseEmpty
ent-DrinkBottleNTCahors	desc	ent-DrinkBottleBaseEmpty
ent-DrinkBottleNTCahors	suffix	ent-DrinkBottleBaseEmpty
ent-DrinkBottlePatron	suffix	ent-DrinkBottleBaseEmpty
ent-DrinkBottlePoisonWine	suffix	ent-DrinkBottleBaseEmpty
ent-DrinkBottleRum	suffix	ent-DrinkBottleBaseEmpty
ent-DrinkBottleTequila	suffix	ent-DrinkBottleBaseEmpty
ent-DrinkBottleVermouth	suffix	ent-DrinkBottleBaseEmpty
ent-DrinkBottleVodka	suffix	ent-DrinkBottleBaseEmpty
ent-DrinkBottleWhiskey	suffix	ent-DrinkBottleBaseEmpty
ent-DrinkBottleWine	suffix	ent-DrinkBottleBaseEmpty
ent-DrinkCartonCream	suffix	ent-DrinkCartonBaseEmpty
ent-DrinkCartonLime	suffix	ent-DrinkCartonBaseEmpty
ent-DrinkCartonMilk	suffix	ent-DrinkCartonBaseLargeEmpty
ent-DrinkCartonOatMilk	suffix	ent-DrinkCartonBaseLargeEmpty
ent-DrinkCartonOrange	suffix	ent-DrinkCartonBaseEmpty
ent-DrinkCartonSoyMilk	suffix	ent-DrinkCartonBaseLargeEmpty
ent-DrinkCartonTomato	suffix	ent-DrinkCartonBaseEmpty
ent-DefaultStationBeacon	value	ent-BaseStationBeacon
ent-DefaultStationBeacon	desc	ent-BaseStationBeacon
ent-DefaultStationBeaconArrivals	value	ent-TeleportStationBeacon
ent-DefaultStationBeaconArrivals	desc	ent-TeleportStationBeacon
ent-DefaultStationBeaconCentComm	value	ent-BaseStationBeacon
ent-DefaultStationBeaconCentComm	desc	ent-BaseStationBeacon
ent-DefaultStationBeaconSolars	value	ent-TeleportStationBeacon
ent-DefaultStationBeaconSolars	desc	ent-TeleportStationBeacon
ent-BasePlushieLizardJob	value	ent-PlushieLizard
ent-BasePlushieLizardJob	desc	ent-PlushieLizard
ent-FleshKudzu	value	ent-BaseFleshKudzu
ent-FleshKudzu	desc	ent-BaseFleshKudzu
ent-TreasureCoinAdamantine	value	ent-BaseCoin
ent-TreasureCoinAdamantine	desc	ent-BaseCoin
ent-TreasureCoinDiamond	value	ent-BaseCoin
ent-TreasureCoinDiamond	desc	ent-BaseCoin
ent-TreasureCoinGold	value	ent-BaseCoin
ent-TreasureCoinGold	desc	ent-BaseCoin
ent-TreasureCoinIron	value	ent-BaseCoin
ent-TreasureCoinIron	desc	ent-BaseCoin
ent-TreasureCoinSilver	value	ent-BaseCoin
ent-TreasureCoinSilver	desc	ent-BaseCoin
ent-BaseLightTube	value	ent-BaseReplacementLight
ent-BaseLightTube	desc	ent-BaseReplacementLight
ent-BaseLightbulb	value	ent-BaseReplacementLight
ent-BaseLightbulb	desc	ent-BaseReplacementLight
ent-BagOfSummoningGarbage	desc	ent-TrashBagBlue
ent-BaseHypospray	value	ent-BaseHypoInjector
ent-BaseHypospray	desc	ent-BaseHypoInjector
ent-BaseTarget	value	ent-BaseTargetIndestructible
ent-BaseTarget	desc	ent-BaseTargetIndestructible
ent-BaseWeaponBattery	value	ent-BaseWeaponBatteryNoAmmoCounter
ent-BaseWeaponBattery	desc	ent-BaseWeaponBatteryNoAmmoCounter
ent-BaseWeaponBatterySmall	value	ent-BaseWeaponBatterySmallNoAmmoCounter
ent-BaseWeaponBatterySmall	desc	ent-BaseWeaponBatterySmallNoAmmoCounter
ent-DebugLaser	desc	ent-LaserHitscanBase
ent-Pulse	desc	ent-LaserHitscanBase
ent-RedHeavyLaser	desc	ent-LaserHitscanBase
ent-RedLaser	desc	ent-LaserHitscanBase
ent-RedLaserPractice	desc	ent-LaserHitscanBase
ent-RedLightLaser	desc	ent-LaserHitscanBase
ent-RedMediumLaser	desc	ent-LaserHitscanBase
ent-RedShuttleLaser	desc	ent-LaserHitscanBase
ent-XrayLaser	desc	ent-LaserHitscanBase
ent-BulletDisablerSmgSpread	desc	ent-BulletDisablerSmgStunning
ent-WeaponTurretSyndicateDisposable	desc	ent-BaseWeaponBallisticTurretIndestructible
ent-BaseWeaponBallisticTurret	value	ent-BaseWeaponBallisticTurretIndestructible
ent-BaseWeaponBallisticTurret	desc	ent-BaseWeaponBallisticTurretIndestructible
ent-BaseWeaponEnergyTurret	value	ent-BaseWeaponEnergyTurretIndestructible
ent-BaseWeaponEnergyTurret	desc	ent-BaseWeaponEnergyTurretIndestructible
ent-BaseWeaponTurret	value	ent-BaseWeaponTurretIndestructible
ent-BaseWeaponTurret	desc	ent-BaseWeaponTurretIndestructible
ent-CrystalBlack	value	ent-BaseCrystalStalagmite
ent-CrystalBlack	desc	ent-BaseCrystalStalagmite
ent-CrystalBlue	value	ent-BaseCrystalStalagmite
ent-CrystalBlue	desc	ent-BaseCrystalStalagmite
ent-CrystalCyan	value	ent-BaseCrystalStalagmite
ent-CrystalCyan	desc	ent-BaseCrystalStalagmite
ent-CrystalGreen	value	ent-BaseCrystalStalagmite
ent-CrystalGreen	desc	ent-BaseCrystalStalagmite
ent-CrystalGrey	value	ent-BaseCrystalStalagmite
ent-CrystalGrey	desc	ent-BaseCrystalStalagmite
ent-CrystalOrange	value	ent-BaseCrystalStalagmite
ent-CrystalOrange	desc	ent-BaseCrystalStalagmite
ent-CrystalPink	value	ent-BaseCrystalStalagmite
ent-CrystalPink	desc	ent-BaseCrystalStalagmite
ent-CrystalYellow	value	ent-BaseCrystalStalagmite
ent-CrystalYellow	desc	ent-BaseCrystalStalagmite
ent-BaseIronsandStatue	value	ent-BaseStatue
ent-BasePlasmaWindoor	value	ent-BaseWindoorGeneric
ent-BasePlasmaWindoor	desc	ent-BaseWindoorGeneric
ent-BaseUraniumWindoor	value	ent-BaseWindoorGeneric
ent-BaseUraniumWindoor	desc	ent-BaseWindoorGeneric
ent-BaseWindoor	value	ent-BaseWindoorGeneric
ent-BaseWindoor	desc	ent-BaseWindoorGeneric
ent-AltarChaos	desc	ent-AltarBaseSteel
ent-AltarConvert	desc	ent-AltarBaseWood
ent-AltarConvertBlue	desc	ent-AltarBaseWood
ent-AltarConvertBurden	desc	ent-AltarBaseWood
ent-AltarConvertFestival	desc	ent-AltarBaseWood
ent-AltarConvertMaint	desc	ent-AltarBaseWood
ent-AltarConvertOrange	desc	ent-AltarBaseWood
ent-AltarConvertRed	desc	ent-AltarBaseWood
ent-AltarConvertWhite	desc	ent-AltarBaseWood
ent-AltarConvertYellow	desc	ent-AltarBaseWood
ent-AltarDruid	desc	ent-AltarBaseWood
ent-AltarFangs	desc	ent-AltarBaseSteel
ent-AltarHeaven	desc	ent-AltarBaseSteel
ent-AltarNanotrasen	desc	ent-AltarBaseWood
ent-AltarSatana	desc	ent-AltarBaseWood
ent-AltarSpaceChristian	desc	ent-AltarBaseWood
ent-AltarTechnology	desc	ent-AltarBaseSteel
ent-AltarToolbox	desc	ent-AltarBaseWood
ent-ChairOfficeDark	desc	ent-OfficeChairVehicleBase
ent-ChairOfficeLight	desc	ent-OfficeChairVehicleBase
ent-AlwaysPoweredlightBlack	value	ent-AlwaysPoweredlightColor
ent-AlwaysPoweredlightBlack	desc	ent-AlwaysPoweredlightColor
ent-AlwaysPoweredlightBlue	value	ent-AlwaysPoweredlightColor
ent-AlwaysPoweredlightBlue	desc	ent-AlwaysPoweredlightColor
ent-AlwaysPoweredlightCyan	value	ent-AlwaysPoweredlightColor
ent-AlwaysPoweredlightCyan	desc	ent-AlwaysPoweredlightColor
ent-AlwaysPoweredlightGreen	value	ent-AlwaysPoweredlightColor
ent-AlwaysPoweredlightGreen	desc	ent-AlwaysPoweredlightColor
ent-AlwaysPoweredlightOrange	value	ent-AlwaysPoweredlightColor
ent-AlwaysPoweredlightOrange	desc	ent-AlwaysPoweredlightColor
ent-AlwaysPoweredlightPink	value	ent-AlwaysPoweredlightColor
ent-AlwaysPoweredlightPink	desc	ent-AlwaysPoweredlightColor
ent-AlwaysPoweredlightRed	value	ent-AlwaysPoweredlightColor
ent-AlwaysPoweredlightRed	desc	ent-AlwaysPoweredlightColor
ent-AlwaysPoweredlightYellow	value	ent-AlwaysPoweredlightColor
ent-AlwaysPoweredlightYellow	desc	ent-AlwaysPoweredlightColor
ent-PoweredlightBlack	value	ent-PoweredlightColor
ent-PoweredlightBlack	desc	ent-PoweredlightColor
ent-PoweredlightBlue	value	ent-PoweredlightColor
ent-PoweredlightBlue	desc	ent-PoweredlightColor
ent-PoweredlightCyan	value	ent-PoweredlightColor
ent-PoweredlightCyan	desc	ent-PoweredlightColor
ent-PoweredlightGreen	value	ent-PoweredlightColor
ent-PoweredlightGreen	desc	ent-PoweredlightColor
ent-PoweredlightOrange	value	ent-PoweredlightColor
ent-PoweredlightOrange	desc	ent-PoweredlightColor
ent-PoweredlightPink	value	ent-PoweredlightColor
ent-PoweredlightPink	desc	ent-PoweredlightColor
ent-PoweredlightRed	value	ent-PoweredlightColor
ent-PoweredlightRed	desc	ent-PoweredlightColor
ent-PoweredlightYellow	value	ent-PoweredlightColor
ent-PoweredlightYellow	desc	ent-PoweredlightColor
ent-BaseStructureComputer	value	ent-BaseStructureComputerIndestructible
ent-BaseStructureComputer	desc	ent-BaseStructureComputerIndestructible
ent-VendingMachine	value	ent-BaseVendingMachine
ent-VendingMachine	desc	ent-BaseVendingMachine
ent-GasPipeSansLayers	value	ent-GasPipeSansLayersIndestructible
ent-GasPipeSansLayers	desc	ent-GasPipeSansLayersIndestructible
ent-CrateGeneric	value	ent-BaseCrate
ent-CrateGeneric	desc	ent-BaseCrate
ent-CrateLivestock	desc	ent-BaseCrate
ent-CrateRodentCage	desc	ent-BaseCrate
ent-CrateWeb	desc	ent-BaseCrate
ent-PosterBase	value	ent-BaseSignWeak
ent-PosterBase	desc	ent-BaseSignWeak
ent-StationMap	suffix	ent-BaseStationMap
ent-StationMapAssembly	suffix	ent-BaseStationMap
ent-AsteroidRock	value	ent-BaseAsteroidRockVisuals
ent-AsteroidRock	desc	ent-BaseAsteroidRockVisuals
ent-AsteroidRockArtifactFragment	value	ent-BaseAsteroidRockVisuals
ent-AsteroidRockArtifactFragment	desc	ent-BaseVeinArtifactFragment
ent-AsteroidRockCoal	value	ent-BaseAsteroidRockVisuals
ent-AsteroidRockCoal	desc	ent-BaseVeinCoal
ent-AsteroidRockCoal	suffix	ent-BaseVeinCoal
ent-AsteroidRockDiamond	value	ent-BaseAsteroidRockVisuals
ent-AsteroidRockDiamond	desc	ent-BaseVeinDiamond
ent-AsteroidRockDiamond	suffix	ent-BaseVeinDiamond
ent-AsteroidRockGibtonite	value	ent-BaseAsteroidRockVisuals
ent-AsteroidRockGibtonite	desc	ent-BaseAsteroidRockVisuals
ent-AsteroidRockGibtonite	suffix	ent-BaseVeinArtifactFragment
ent-AsteroidRockGold	value	ent-BaseAsteroidRockVisuals
ent-AsteroidRockGold	desc	ent-BaseVeinGold
ent-AsteroidRockGold	suffix	ent-BaseVeinGold
ent-AsteroidRockMining	value	ent-BaseAsteroidRockVisuals
ent-AsteroidRockMining	desc	ent-BaseVeinRandom
ent-AsteroidRockMining	suffix	ent-BaseVeinRandom
ent-AsteroidRockPlasma	value	ent-BaseAsteroidRockVisuals
ent-AsteroidRockPlasma	desc	ent-BaseVeinPlasma
ent-AsteroidRockPlasma	suffix	ent-BaseVeinPlasma
ent-AsteroidRockQuartz	value	ent-BaseAsteroidRockVisuals
ent-AsteroidRockQuartz	desc	ent-BaseVeinQuartz
ent-AsteroidRockQuartz	suffix	ent-BaseVeinQuartz
ent-AsteroidRockSalt	value	ent-BaseAsteroidRockVisuals
ent-AsteroidRockSalt	desc	ent-BaseVeinSalt
ent-AsteroidRockSalt	suffix	ent-BaseVeinSalt
ent-AsteroidRockSilver	value	ent-BaseAsteroidRockVisuals
ent-AsteroidRockSilver	desc	ent-BaseVeinSilver
ent-AsteroidRockSilver	suffix	ent-BaseVeinSilver
ent-AsteroidRockTin	value	ent-BaseAsteroidRockVisuals
ent-AsteroidRockTin	desc	ent-BaseVeinSteel
ent-AsteroidRockTin	suffix	ent-BaseVeinSteel
ent-AsteroidRockUranium	value	ent-BaseAsteroidRockVisuals
ent-AsteroidRockUranium	desc	ent-BaseVeinUranium
ent-AsteroidRockUranium	suffix	ent-BaseVeinUranium
ent-IronRock	value	ent-BaseIronRockVisuals
ent-IronRock	desc	ent-BaseIronRockVisuals
ent-IronRockArtifactFragment	desc	ent-BaseVeinArtifactFragment
ent-IronRockArtifactFragment	suffix	ent-BaseVeinArtifactFragment
ent-IronRockCoal	desc	ent-BaseVeinCoal
ent-IronRockCoal	suffix	ent-BaseVeinCoal
ent-IronRockDiamond	desc	ent-BaseIronRockVisuals
ent-IronRockDiamond	suffix	ent-BaseVeinDiamond
ent-IronRockGibtonite	value	ent-BaseAsteroidRock
ent-IronRockGold	desc	ent-BaseVeinGold
ent-IronRockGold	suffix	ent-BaseVeinGold
ent-IronRockIron	desc	ent-BaseVeinSteel
ent-IronRockIron	suffix	ent-BaseVeinSteel
ent-IronRockMining	desc	ent-BaseVeinRandom
ent-IronRockMining	suffix	ent-BaseVeinRandom
ent-IronRockPlasma	desc	ent-BaseVeinPlasma
ent-IronRockPlasma	suffix	ent-BaseVeinPlasma
ent-IronRockQuartz	desc	ent-BaseVeinQuartz
ent-IronRockQuartz	suffix	ent-BaseVeinQuartz
ent-IronRockSalt	desc	ent-BaseVeinSalt
ent-IronRockSalt	suffix	ent-BaseVeinSalt
ent-IronRockSilver	desc	ent-BaseVeinSilver
ent-IronRockSilver	suffix	ent-BaseVeinSilver
ent-IronRockUranium	desc	ent-BaseVeinUranium
ent-IronRockUranium	suffix	ent-BaseVeinUranium
ent-WallRockArtifactFragment	desc	ent-BaseVeinArtifactFragment
ent-WallRockArtifactFragment	suffix	ent-BaseVeinArtifactFragment
ent-WallRockChromiteArtifactFragment	desc	ent-BaseVeinArtifactFragment
ent-WallRockChromiteArtifactFragment	suffix	ent-BaseVeinArtifactFragment
ent-WallRockChromiteCoal	desc	ent-BaseVeinCoal
ent-WallRockChromiteCoal	suffix	ent-BaseVeinCoal
ent-WallRockChromiteDiamond	desc	ent-BaseVeinDiamond
ent-WallRockChromiteDiamond	suffix	ent-BaseVeinDiamond
ent-WallRockChromiteGold	desc	ent-BaseVeinGold
ent-WallRockChromiteGold	suffix	ent-BaseVeinGold
ent-WallRockChromitePlasma	desc	ent-BaseVeinPlasma
ent-WallRockChromitePlasma	suffix	ent-BaseVeinPlasma
ent-WallRockChromiteQuartz	desc	ent-BaseVeinQuartz
ent-WallRockChromiteQuartz	suffix	ent-BaseVeinQuartz
ent-WallRockChromiteSalt	desc	ent-BaseVeinSalt
ent-WallRockChromiteSalt	suffix	ent-BaseVeinSalt
ent-WallRockChromiteSilver	desc	ent-BaseVeinSilver
ent-WallRockChromiteSilver	suffix	ent-BaseVeinSilver
ent-WallRockChromiteTin	desc	ent-BaseVeinSteel
ent-WallRockChromiteTin	suffix	ent-BaseVeinSteel
ent-WallRockChromiteUranium	desc	ent-BaseVeinUranium
ent-WallRockChromiteUranium	suffix	ent-BaseVeinUranium
ent-WallRockCoal	desc	ent-BaseVeinCoal
ent-WallRockCoal	suffix	ent-BaseVeinCoal
ent-WallRockDiamond	desc	ent-BaseVeinDiamond
ent-WallRockDiamond	suffix	ent-BaseVeinDiamond
ent-WallRockGold	desc	ent-BaseVeinGold
ent-WallRockGold	suffix	ent-BaseVeinGold
ent-WallRockPlasma	desc	ent-BaseVeinPlasma
ent-WallRockPlasma	suffix	ent-BaseVeinPlasma
ent-WallRockQuartz	desc	ent-BaseVeinQuartz
ent-WallRockQuartz	suffix	ent-BaseVeinQuartz
ent-WallRockSalt	desc	ent-BaseVeinSalt
ent-WallRockSalt	suffix	ent-BaseVeinSalt
ent-WallRockSandArtifactFragment	desc	ent-BaseVeinArtifactFragment
ent-WallRockSandArtifactFragment	suffix	ent-BaseVeinArtifactFragment
ent-WallRockSandCoal	desc	ent-BaseVeinCoal
ent-WallRockSandCoal	suffix	ent-BaseVeinCoal
ent-WallRockSandDiamond	desc	ent-BaseVeinDiamond
ent-WallRockSandDiamond	suffix	ent-BaseVeinDiamond
ent-WallRockSandGold	desc	ent-BaseVeinGold
ent-WallRockSandGold	suffix	ent-BaseVeinGold
ent-WallRockSandPlasma	desc	ent-BaseVeinPlasma
ent-WallRockSandPlasma	suffix	ent-BaseVeinPlasma
ent-WallRockSandQuartz	desc	ent-BaseVeinQuartz
ent-WallRockSandQuartz	suffix	ent-BaseVeinQuartz
ent-WallRockSandSalt	desc	ent-BaseVeinSalt
ent-WallRockSandSalt	suffix	ent-BaseVeinSalt
ent-WallRockSandSilver	desc	ent-BaseVeinSilver
ent-WallRockSandSilver	suffix	ent-BaseVeinSilver
ent-WallRockSandTin	desc	ent-BaseVeinSteel
ent-WallRockSandTin	suffix	ent-BaseVeinSteel
ent-WallRockSandUranium	desc	ent-BaseVeinUranium
ent-WallRockSandUranium	suffix	ent-BaseVeinUranium
ent-WallRockSilver	desc	ent-BaseVeinSilver
ent-WallRockSilver	suffix	ent-BaseVeinSilver
ent-WallRockSnowArtifactFragment	desc	ent-BaseVeinArtifactFragment
ent-WallRockSnowArtifactFragment	suffix	ent-BaseVeinArtifactFragment
ent-WallRockSnowCoal	desc	ent-BaseVeinCoal
ent-WallRockSnowCoal	suffix	ent-BaseVeinCoal
ent-WallRockSnowDiamond	desc	ent-BaseVeinDiamond
ent-WallRockSnowDiamond	suffix	ent-BaseVeinDiamond
ent-WallRockSnowGold	desc	ent-BaseVeinGold
ent-WallRockSnowGold	suffix	ent-BaseVeinGold
ent-WallRockSnowPlasma	desc	ent-BaseVeinPlasma
ent-WallRockSnowPlasma	suffix	ent-BaseVeinPlasma
ent-WallRockSnowQuartz	desc	ent-BaseVeinQuartz
ent-WallRockSnowQuartz	suffix	ent-BaseVeinQuartz
ent-WallRockSnowSalt	desc	ent-BaseVeinSalt
ent-WallRockSnowSalt	suffix	ent-BaseVeinSalt
ent-WallRockSnowSilver	desc	ent-BaseVeinSilver
ent-WallRockSnowSilver	suffix	ent-BaseVeinSilver
ent-WallRockSnowTin	desc	ent-BaseVeinSteel
ent-WallRockSnowTin	suffix	ent-BaseVeinSteel
ent-WallRockSnowUranium	desc	ent-BaseVeinUranium
ent-WallRockSnowUranium	suffix	ent-BaseVeinUranium
ent-WallRockTin	desc	ent-BaseVeinSteel
ent-WallRockTin	suffix	ent-BaseVeinSteel
ent-WallRockUranium	desc	ent-BaseVeinUranium
ent-WallRockUranium	suffix	ent-BaseVeinUranium
ent-FenceWoodHighCorner	value	ent-BaseFenceWoodHigh
ent-FenceWoodHighCorner	desc	ent-BaseFenceWoodHigh
ent-FenceWoodHighEnd	value	ent-BaseFenceWoodHigh
ent-FenceWoodHighEnd	desc	ent-BaseFenceWoodHigh
ent-FenceWoodHighStraight	value	ent-BaseFenceWoodHigh
ent-FenceWoodHighStraight	desc	ent-BaseFenceWoodHigh
ent-FenceWoodHighTJunction	value	ent-BaseFenceWoodHigh
ent-FenceWoodHighTJunction	desc	ent-BaseFenceWoodHigh
ent-PlasmaWindow	desc	ent-BaseWindowStructure
ent-ReinforcedWindow	desc	ent-BaseWindowStructure
ent-WindowReinforcedDirectional	desc	ent-BaseWindowStructureDirectional
ent-PlasmaReinforcedWindowDirectional	desc	ent-BaseWindowStructureDirectional
ent-ReinforcedPlasmaWindow	desc	ent-BaseWindowStructure
ent-ReinforcedUraniumWindow	desc	ent-BaseWindowStructure
ent-UraniumReinforcedWindowDirectional	desc	ent-BaseWindowStructureDirectional
ent-ShuttleWindow	desc	ent-BaseWindowStructure
ent-UraniumWindow	desc	ent-BaseWindowStructure
ent-UraniumWindowDirectional	desc	ent-BaseWindowStructureDirectional
ent-Window	value	ent-BaseWindowStructure
ent-Window	desc	ent-BaseWindowStructure
ent-WindowDirectional	value	ent-BaseWindowStructureDirectional
ent-WindowDirectional	desc	ent-BaseWindowStructureDirectional
ent-DrinkWaterBottleFull	suffix	ent-DrinkBottlePlasticSmallBaseFull
ent-BaseLaserRifle	value	ent-BaseWeaponBattery
ent-BaseLaserRifle	desc	ent-BaseWeaponBattery
ent-WeaponTurretAllHostile	value	ent-BaseWeaponBallisticTurret
ent-WeaponTurretAllHostile	desc	ent-BaseWeaponBallisticTurret
ent-WeaponTurretHostile	value	ent-BaseWeaponBallisticTurret
ent-WeaponTurretHostile	desc	ent-BaseWeaponBallisticTurret
ent-WeaponTurretNanoTrasen	value	ent-BaseWeaponBallisticTurret
ent-WeaponTurretNanoTrasen	desc	ent-BaseWeaponBallisticTurret
ent-WeaponTurretSyndicate	value	ent-BaseWeaponBallisticTurret
ent-WeaponTurretSyndicate	desc	ent-BaseWeaponBallisticTurret
ent-BaseComputer	desc	ent-BaseStructureComputer
ent-VendingMachineChapel	desc	ent-VendingMachine
ent-GasPipeBase	value	ent-GasPipeSansLayers
ent-GasPipeBase	desc	ent-GasPipeSansLayers
ent-CrateBaseWeldable	value	ent-CrateGeneric
ent-CrateBaseWeldable	desc	ent-CrateGeneric
ent-AsteroidRockCoalCrab	value	ent-AsteroidRockCoal
ent-AsteroidRockCoalCrab	desc	ent-AsteroidRockCoal
ent-AsteroidRockGoldCrab	value	ent-AsteroidRockGold
ent-AsteroidRockGoldCrab	desc	ent-AsteroidRockGold
ent-AsteroidRockQuartzCrab	value	ent-AsteroidRockQuartz
ent-AsteroidRockQuartzCrab	desc	ent-AsteroidRockQuartz
ent-AsteroidRockSilverCrab	value	ent-AsteroidRockSilver
ent-AsteroidRockSilverCrab	desc	ent-AsteroidRockSilver
ent-AsteroidRockTinCrab	value	ent-AsteroidRockTin
ent-AsteroidRockTinCrab	desc	ent-AsteroidRockTin
ent-AsteroidRockUraniumCrab	value	ent-AsteroidRockUranium
ent-AsteroidRockUraniumCrab	desc	ent-AsteroidRockUranium
ent-IronRockArtifactFragment	value	ent-IronRock
ent-IronRockCoal	value	ent-IronRock
ent-IronRockDiamond	value	ent-IronRock
ent-IronRockGold	value	ent-IronRock
ent-IronRockIron	value	ent-IronRock
ent-IronRockMining	value	ent-IronRock
ent-IronRockPlasma	value	ent-IronRock
ent-IronRockQuartz	value	ent-IronRock
ent-IronRockSalt	value	ent-IronRock
ent-IronRockSilver	value	ent-IronRock
ent-IronRockUranium	value	ent-IronRock
ent-TintedWindow	desc	ent-Window
ent-WindowDiagonal	value	ent-Window
ent-WindowDiagonal	desc	ent-Window
ent-WindowDirectionalRCDResistant	value	ent-WindowDirectional
ent-WindowDirectionalRCDResistant	desc	ent-WindowDirectional
ent-WindowRCDResistant	value	ent-Window
ent-WindowRCDResistant	desc	ent-Window
ent-GasBinaryBase	value	ent-GasPipeBase
ent-GasBinaryBase	desc	ent-GasPipeBase
ent-GasPipeBend	value	ent-GasPipeBase
ent-GasPipeBend	desc	ent-GasPipeBase
ent-GasPipeFourway	value	ent-GasPipeBase
ent-GasPipeFourway	desc	ent-GasPipeBase
ent-GasPipeHalf	value	ent-GasPipeBase
ent-GasPipeHalf	desc	ent-GasPipeBase
ent-GasPipeStraight	value	ent-GasPipeBase
ent-GasPipeStraight	desc	ent-GasPipeBase
ent-GasPipeTJunction	value	ent-GasPipeBase
ent-GasPipeTJunction	desc	ent-GasPipeBase
ent-GasTrinaryBase	value	ent-GasPipeBase
ent-GasTrinaryBase	desc	ent-GasPipeBase
ent-GasUnaryBase	value	ent-GasPipeBase
ent-GasUnaryBase	desc	ent-GasPipeBase
ent-CrateBaseSecure	value	ent-CrateBaseWeldable
ent-CrateBaseSecure	desc	ent-CrateBaseWeldable
ent-CrateGenericSteel	desc	ent-CrateBaseWeldable
ent-CratePlastic	desc	ent-CrateBaseWeldable
ent-CrateTrashCart	desc	ent-CrateBaseWeldable
ent-InvisibleCrate	value	ent-CrateBaseWeldable
ent-InvisibleCrate	desc	ent-CrateBaseWeldable
ent-OrganAnimalInternal	value	ent-OrganAnimal
ent-OrganArachnidExternal	value	ent-OrganArachnid
ent-OrganArachnidInternal	value	ent-OrganArachnid
ent-OrganDionaExternal	value	ent-OrganDiona
ent-OrganDionaInternal	value	ent-OrganDiona
ent-OrganDwarfMetabolizer	value	ent-OrganDwarf
ent-OrganDwarfStomach	value	ent-OrganDwarfMetabolizer
ent-OrganGingerbreadExternal	value	ent-OrganGingerbread
ent-OrganHumanExternal	value	ent-OrganHuman
ent-OrganHumanInternal	value	ent-OrganHuman
ent-OrganMothExternal	value	ent-OrganMoth
ent-OrganMothInternal	value	ent-OrganMoth
ent-OrganReptilianExternal	value	ent-OrganReptilian
ent-OrganReptilianInternal	value	ent-OrganReptilian
ent-OrganSkeletonPersonExternal	value	ent-OrganSkeletonPerson
ent-OrganSlimePersonExternal	value	ent-OrganSlimePerson
ent-OrganSlimePersonInternal	value	ent-OrganSlimePerson
ent-OrganVoxExternal	value	ent-OrganVox
ent-OrganVoxInternal	value	ent-OrganVox
ent-OrganVulpkaninExternal	value	ent-OrganVulpkanin
ent-OrganVulpkaninInternal	value	ent-OrganVulpkanin
ent-CrateNPCHamlet	desc	ent-CrateRodentCage.desc
ent-CrateNPCHamster	desc	ent-CrateRodentCage.desc
ent-CratePermaEscapeBureaucracy	desc	ent-CrateGenericSteel.desc
ent-CratePermaEscapeComs	desc	ent-CrateGenericSteel.desc
ent-CratePermaEscapeDigging	desc	ent-CrateGenericSteel.desc
ent-CratePermaEscapeEVA	desc	ent-CrateGenericSteel.desc
ent-CratePermaEscapeGiftsFromSyndicate	desc	ent-CrateGenericSteel.desc
ent-CratePermaEscapeGun	desc	ent-CrateGenericSteel.desc
ent-CratePermaEscapeLights	desc	ent-CrateGenericSteel.desc
ent-CratePermaEscapeMats	desc	ent-CrateGenericSteel.desc
ent-CratePermaEscapeMerc	desc	ent-CrateGenericSteel.desc
ent-CratePermaEscapeTowercap	desc	ent-CrateGenericSteel.desc
ent-CrateSalvageAssortedGoodies	desc	ent-CrateGenericSteel.desc
ent-CrateTrashCartFilled	desc	ent-CrateTrashCart.desc
ent-ClothingOuterHardsuitBase	desc	ent-ClothingOuterEVASuitBase.desc
ent-MobMoproach	suffix	ent-MobMothroach.suffix
ent-DefaultStationBeaconAI	value	ent-DefaultStationBeacon
ent-DefaultStationBeaconAICore	value	ent-DefaultStationBeaconAI
ent-DefaultStationBeaconAIPower	value	ent-DefaultStationBeaconAI
ent-DefaultStationBeaconAISatellite	value	ent-DefaultStationBeaconAI
ent-DefaultStationBeaconAIUpload	value	ent-DefaultStationBeaconAI
ent-DefaultStationBeaconCentCommAfterhours	value	ent-DefaultStationBeaconCentComm
ent-DefaultStationBeaconCentCommERT	value	ent-DefaultStationBeaconCentComm
ent-DefaultStationBeaconCentCommThunderdome	value	ent-DefaultStationBeaconCentComm
ent-DefaultStationBeaconChapel	value	ent-DefaultStationBeacon
ent-DefaultStationBeaconCommand	value	ent-DefaultStationBeacon
ent-DefaultStationBeaconCryosleep	value	ent-DefaultStationBeacon
ent-DefaultStationBeaconDisposals	value	ent-DefaultStationBeacon
ent-DefaultStationBeaconDockingArm	value	ent-DefaultStationBeacon
ent-DefaultStationBeaconDorms	value	ent-DefaultStationBeacon
ent-DefaultStationBeaconEVAStorage	value	ent-DefaultStationBeacon
ent-DefaultStationBeaconEngineering	value	ent-DefaultStationBeacon
ent-DefaultStationBeaconEscapePod	value	ent-DefaultStationBeacon
ent-DefaultStationBeaconEscapePodE	value	ent-DefaultStationBeacon
ent-DefaultStationBeaconEscapePodN	value	ent-DefaultStationBeacon
ent-DefaultStationBeaconEscapePodNE	value	ent-DefaultStationBeacon
ent-DefaultStationBeaconEscapePodNW	value	ent-DefaultStationBeacon
ent-DefaultStationBeaconEscapePodS	value	ent-DefaultStationBeacon
ent-DefaultStationBeaconEscapePodSE	value	ent-DefaultStationBeacon
ent-DefaultStationBeaconEscapePodSW	value	ent-DefaultStationBeacon
ent-DefaultStationBeaconEscapePodW	value	ent-DefaultStationBeacon
ent-DefaultStationBeaconEvac	value	ent-DefaultStationBeacon
ent-DefaultStationBeaconGateway	value	ent-DefaultStationBeaconCommand
ent-DefaultStationBeaconGhost	value	ent-DefaultStationBeacon
ent-DefaultStationBeaconGravGen	value	ent-DefaultStationBeaconEngineering
ent-DefaultStationBeaconHOPOffice	value	ent-DefaultStationBeaconCommand
ent-DefaultStationBeaconLibrary	value	ent-DefaultStationBeacon
ent-DefaultStationBeaconMedical	value	ent-DefaultStationBeacon
ent-DefaultStationBeaconMorgue	value	ent-DefaultStationBeaconMedical
ent-DefaultStationBeaconPowerBank	value	ent-DefaultStationBeaconEngineering
ent-DefaultStationBeaconPsychology	value	ent-DefaultStationBeaconMedical
ent-DefaultStationBeaconReporter	value	ent-DefaultStationBeacon
ent-DefaultStationBeaconScience	value	ent-DefaultStationBeacon
ent-DefaultStationBeaconSecurity	value	ent-DefaultStationBeacon
ent-DefaultStationBeaconSecurityCheckpoint	value	ent-DefaultStationBeaconSecurity
ent-DefaultStationBeaconServerRoom	value	ent-DefaultStationBeaconScience
ent-DefaultStationBeaconService	value	ent-DefaultStationBeacon
ent-DefaultStationBeaconSingularity	value	ent-DefaultStationBeaconEngineering
ent-DefaultStationBeaconSolarsE	value	ent-DefaultStationBeaconSolars
ent-DefaultStationBeaconSolarsN	value	ent-DefaultStationBeaconSolars
ent-DefaultStationBeaconSolarsNE	value	ent-DefaultStationBeaconSolars
ent-DefaultStationBeaconSolarsNW	value	ent-DefaultStationBeaconSolars
ent-DefaultStationBeaconSolarsS	value	ent-DefaultStationBeaconSolars
ent-DefaultStationBeaconSolarsSE	value	ent-DefaultStationBeaconSolars
ent-DefaultStationBeaconSolarsSW	value	ent-DefaultStationBeaconSolars
ent-DefaultStationBeaconSolarsW	value	ent-DefaultStationBeaconSolars
ent-DefaultStationBeaconSupply	value	ent-DefaultStationBeacon
ent-DefaultStationBeaconSurgery	value	ent-DefaultStationBeaconMedical
ent-DefaultStationBeaconTEG	value	ent-DefaultStationBeaconEngineering
ent-DefaultStationBeaconTechVault	value	ent-DefaultStationBeaconEngineering
ent-DefaultStationBeaconTelecoms	value	ent-DefaultStationBeaconEngineering
ent-DefaultStationBeaconTheater	value	ent-DefaultStationBeacon
ent-DefaultStationBeaconToolRoom	value	ent-DefaultStationBeacon
ent-DefaultStationBeaconUnanchored	value	ent-DefaultStationBeacon
ent-DefaultStationBeaconVault	value	ent-DefaultStationBeaconCommand
ent-DefaultStationBeaconVox	value	ent-DefaultStationBeacon
ent-DefaultStationBeaconWardensOffice	value	ent-DefaultStationBeaconSecurity
ent-BaseComputerAiAccess	desc	ent-BaseComputer.desc
ent-GasPipeBendAlt1	value	ent-GasPipeBend
ent-GasPipeBendAlt2	value	ent-GasPipeBend
ent-GasPipeFourwayAlt1	value	ent-GasPipeFourway
ent-GasPipeFourwayAlt2	value	ent-GasPipeFourway
ent-GasPipeHalfAlt1	value	ent-GasPipeHalf
ent-GasPipeHalfAlt2	value	ent-GasPipeHalf
ent-GasPipeStraightAlt1	value	ent-GasPipeStraight
ent-GasPipeStraightAlt2	value	ent-GasPipeStraight
ent-GasPipeTJunctionAlt1	value	ent-GasPipeTJunction
ent-GasPipeTJunctionAlt2	value	ent-GasPipeTJunction
ent-CrateElectrical	desc	ent-CrateGenericSteel.desc
ent-CrateEngineering	desc	ent-CrateGenericSteel.desc
ent-CrateFreezer	desc	ent-CratePlastic.desc
ent-CrateHydroponics	desc	ent-CratePlastic.desc
ent-CrateInternals	desc	ent-CratePlastic.desc
ent-CrateMedical	desc	ent-CratePlastic.desc
ent-CrateScience	desc	ent-CrateGenericSteel.desc
ent-CrateSurgery	desc	ent-CrateGenericSteel.desc
ent-BaseIntercomSecure	suffix	ent-Intercom.suffix
ent-PlasmaWindowDiagonal	desc	ent-PlasmaWindow.desc
ent-ReinforcedWindowDiagonal	desc	ent-ReinforcedWindow.desc
ent-ReinforcedPlasmaWindowDiagonal	desc	ent-ReinforcedPlasmaWindow.desc
ent-ReinforcedUraniumWindowDiagonal	desc	ent-ReinforcedUraniumWindow.desc
ent-ShuttleWindowDiagonal	desc	ent-ShuttleWindow.desc
ent-UraniumWindowDiagonal	desc	ent-UraniumWindow.desc
ent-OrganDwarfHeart	value	ent-OrganDwarfMetabolizer
ent-OrganDwarfLiver	value	ent-OrganDwarfMetabolizer
ent-DefaultStationBeaconAME	value	ent-DefaultStationBeaconEngineering
ent-DefaultStationBeaconAnchor	value	ent-DefaultStationBeaconEngineering
ent-DefaultStationBeaconAnomalyGenerator	value	ent-DefaultStationBeaconScience
ent-DefaultStationBeaconArmory	value	ent-DefaultStationBeaconSecurity
ent-DefaultStationBeaconArtifactLab	value	ent-DefaultStationBeaconScience
ent-DefaultStationBeaconAtmospherics	value	ent-DefaultStationBeaconEngineering
ent-DefaultStationBeaconBar	value	ent-DefaultStationBeaconService
ent-DefaultStationBeaconBotany	value	ent-DefaultStationBeaconService
ent-DefaultStationBeaconBridge	value	ent-DefaultStationBeaconCommand
ent-DefaultStationBeaconBrig	value	ent-DefaultStationBeaconSecurity
ent-DefaultStationBeaconBrigMed	value	ent-DefaultStationBeaconSecurity
ent-DefaultStationBeaconCERoom	value	ent-DefaultStationBeaconEngineering
ent-DefaultStationBeaconCMORoom	value	ent-DefaultStationBeaconMedical
ent-DefaultStationBeaconCaptainsQuarters	value	ent-DefaultStationBeaconCommand
ent-DefaultStationBeaconCargoBay	value	ent-DefaultStationBeaconSupply
ent-DefaultStationBeaconCargoReception	value	ent-DefaultStationBeaconSupply
ent-DefaultStationBeaconChemistry	value	ent-DefaultStationBeaconMedical
ent-DefaultStationBeaconClinic	value	ent-DefaultStationBeaconMedical
ent-DefaultStationBeaconCourtroom	value	ent-DefaultStationBeaconSecurity
ent-DefaultStationBeaconCryonics	value	ent-DefaultStationBeaconMedical
ent-DefaultStationBeaconDetectiveRoom	value	ent-DefaultStationBeaconSecurity
ent-DefaultStationBeaconHOSRoom	value	ent-DefaultStationBeaconSecurity
ent-DefaultStationBeaconJanitorsCloset	value	ent-DefaultStationBeaconService
ent-DefaultStationBeaconKitchen	value	ent-DefaultStationBeaconService
ent-DefaultStationBeaconLawOffice	value	ent-DefaultStationBeaconSecurity
ent-DefaultStationBeaconMedbay	value	ent-DefaultStationBeaconMedical
ent-DefaultStationBeaconPermaBrig	value	ent-DefaultStationBeaconSecurity
ent-DefaultStationBeaconQMRoom	value	ent-DefaultStationBeaconSupply
ent-DefaultStationBeaconRDRoom	value	ent-DefaultStationBeaconScience
ent-DefaultStationBeaconRND	value	ent-DefaultStationBeaconScience
ent-DefaultStationBeaconRobotics	value	ent-DefaultStationBeaconScience
ent-DefaultStationBeaconSalvage	value	ent-DefaultStationBeaconSupply

